onset	duration	sample	value
0.8759765625	1.0000000000	897	S200
64.3017578125	1.0000000000	65845	S 72
69.7011718750	1.0000000000	71374	S 74
70.5273437500	1.0000000000	72220	S 80
77.2783203125	1.0000000000	79133	S 72
80.2314453125	1.0000000000	82157	S 75
81.0644531250	1.0000000000	83010	S 80
88.0166015625	1.0000000000	90129	S 71
90.7148437500	1.0000000000	92892	S 74
91.5507812500	1.0000000000	93748	S 80
99.4853515625	1.0000000000	101873	S 71
102.5937500000	1.0000000000	105056	S 75
103.4238281250	1.0000000000	105906	S 80
109.2832031250	1.0000000000	111906	S 71
111.9130859375	1.0000000000	114599	S 74
112.7412109375	1.0000000000	115447	S 80
120.5781250000	1.0000000000	123472	S 72
122.7753906250	1.0000000000	125722	S 74
123.6123046875	1.0000000000	126579	S 81
129.6113281250	1.0000000000	132722	S 72
131.6796875000	1.0000000000	134840	S 75
132.5126953125	1.0000000000	135693	S 81
138.9873046875	1.0000000000	142323	S 71
141.0996093750	1.0000000000	144486	S 75
141.9306640625	1.0000000000	145337	S 80
147.9609375000	1.0000000000	151512	S 71
150.3847656250	1.0000000000	153994	S 75
151.2148437500	1.0000000000	154844	S 81
157.7617187500	1.0000000000	161548	S 72
160.2500000000	1.0000000000	164096	S 75
161.0839843750	1.0000000000	164950	S 81
167.4970703125	1.0000000000	171517	S 71
169.0146484375	1.0000000000	173071	S 76
169.8505859375	1.0000000000	173927	S 81
176.0000000000	1.0000000000	180224	S 72
178.2333984375	1.0000000000	182511	S 76
179.0683593750	1.0000000000	183366	S 80
186.3242187500	1.0000000000	190796	S 71
188.4667968750	1.0000000000	192990	S 75
189.3046875000	1.0000000000	193848	S 81
195.3916015625	1.0000000000	200081	S 71
197.8593750000	1.0000000000	202608	S 75
198.6894531250	1.0000000000	203458	S 81
204.7919921875	1.0000000000	209707	S 71
206.2636718750	1.0000000000	211214	S 76
207.0888671875	1.0000000000	212059	S 80
213.2597656250	1.0000000000	218378	S 72
215.3544921875	1.0000000000	220523	S 75
216.1894531250	1.0000000000	221378	S 80
225.1796875000	1.0000000000	230584	S 71
227.1650390625	1.0000000000	232617	S 75
227.9951171875	1.0000000000	233467	S 80
235.5810546875	1.0000000000	241235	S 72
236.9775390625	1.0000000000	242665	S 74
237.8144531250	1.0000000000	243522	S 81
244.2392578125	1.0000000000	250101	S 72
245.6806640625	1.0000000000	251577	S 75
246.5146484375	1.0000000000	252431	S 81
252.9482421875	1.0000000000	259019	S 71
255.2802734375	1.0000000000	261407	S 75
256.1162109375	1.0000000000	262263	S 81
263.1494140625	1.0000000000	269465	S 71
266.0722656250	1.0000000000	272458	S 76
266.9033203125	1.0000000000	273309	S 80
273.1816406250	1.0000000000	279738	S 71
275.3261718750	1.0000000000	281934	S 75
276.1542968750	1.0000000000	282782	S 80
287.0673828125	1.0000000000	293957	S 72
289.6376953125	1.0000000000	296589	S 75
290.4648437500	1.0000000000	297436	S 80
300.4296875000	1.0000000000	307640	S 71
303.3535156250	1.0000000000	310634	S 74
304.1748046875	1.0000000000	311475	S 81
310.2275390625	1.0000000000	317673	S 72
313.2060546875	1.0000000000	320723	S 75
314.0263671875	1.0000000000	321563	S 80
321.5419921875	1.0000000000	329259	S 72
323.7060546875	1.0000000000	331475	S 74
324.5302734375	1.0000000000	332319	S 80
331.0019531250	1.0000000000	338946	S 72
333.0351562500	1.0000000000	341028	S 74
333.8652343750	1.0000000000	341878	S 80
342.1943359375	1.0000000000	350407	S 71
344.9306640625	1.0000000000	353209	S 74
345.7539062500	1.0000000000	354052	S 81
351.9033203125	1.0000000000	360349	S 72
355.4882812500	1.0000000000	364020	S 75
356.3242187500	1.0000000000	364876	S 81
363.3320312500	1.0000000000	372052	S 71
365.1494140625	1.0000000000	373913	S 75
365.9765625000	1.0000000000	374760	S 81
372.2519531250	1.0000000000	381186	S 71
373.7529296875	1.0000000000	382723	S 76
374.5761718750	1.0000000000	383566	S 81
381.5312500000	1.0000000000	390688	S 72
382.8574218750	1.0000000000	392046	S 76
383.6933593750	1.0000000000	392902	S 81
390.3525390625	1.0000000000	399721	S 71
392.1933593750	1.0000000000	401606	S 76
393.0273437500	1.0000000000	402460	S 80
399.2802734375	1.0000000000	408863	S 72
401.0507812500	1.0000000000	410676	S 75
401.8779296875	1.0000000000	411523	S 81
408.0908203125	1.0000000000	417885	S 72
410.9365234375	1.0000000000	420799	S 76
411.7636718750	1.0000000000	421646	S 80
418.6162109375	1.0000000000	428663	S 71
419.8945312500	1.0000000000	429972	S 76
420.7314453125	1.0000000000	430829	S 81
426.8662109375	1.0000000000	437111	S 71
430.0078125000	1.0000000000	440328	S 75
430.8339843750	1.0000000000	441174	S 81
438.2949218750	1.0000000000	448814	S 71
440.4853515625	1.0000000000	451057	S 76
441.3203125000	1.0000000000	451912	S 81
447.1279296875	1.0000000000	457859	S 71
449.6025390625	1.0000000000	460393	S 76
450.4375000000	1.0000000000	461248	S 81
456.6738281250	1.0000000000	467634	S 71
458.8515625000	1.0000000000	469864	S 75
459.6894531250	1.0000000000	470722	S 81
466.0986328125	1.0000000000	477285	S 72
469.8417968750	1.0000000000	481118	S 75
470.6767578125	1.0000000000	481973	S 81
476.6835937500	1.0000000000	488124	S 71
479.0673828125	1.0000000000	490565	S 76
479.8945312500	1.0000000000	491412	S 81
485.9150390625	1.0000000000	497577	S 71
489.5800781250	1.0000000000	501330	S 75
490.4140625000	1.0000000000	502184	S 81
497.2060546875	1.0000000000	509139	S 71
498.7802734375	1.0000000000	510751	S 75
499.6152343750	1.0000000000	511606	S 81
506.0937500000	1.0000000000	518240	S 72
507.6416015625	1.0000000000	519825	S 75
508.4658203125	1.0000000000	520669	S 81
514.4716796875	1.0000000000	526819	S 71
516.5527343750	1.0000000000	528950	S 75
517.3828125000	1.0000000000	529800	S 81
523.7607421875	1.0000000000	536331	S 72
526.5791015625	1.0000000000	539217	S 75
527.4023437500	1.0000000000	540060	S 81
534.6855468750	1.0000000000	547518	S 71
536.1982421875	1.0000000000	549067	S 76
537.0205078125	1.0000000000	549909	S 80
543.4267578125	1.0000000000	556469	S 72
545.9990234375	1.0000000000	559103	S 75
546.8222656250	1.0000000000	559946	S 81
552.7011718750	1.0000000000	565966	S 72
554.1142578125	1.0000000000	567413	S 75
554.9384765625	1.0000000000	568257	S 81
561.1396484375	1.0000000000	574607	S 72
562.7685546875	1.0000000000	576275	S 75
563.6044921875	1.0000000000	577131	S 81
569.5156250000	1.0000000000	583184	S 72
571.1162109375	1.0000000000	584823	S 76
571.9541015625	1.0000000000	585681	S 81
578.0507812500	1.0000000000	591924	S 71
579.3125000000	1.0000000000	593216	S 76
580.1367187500	1.0000000000	594060	S 81
586.1279296875	1.0000000000	600195	S 71
587.4414062500	1.0000000000	601540	S 76
588.2685546875	1.0000000000	602387	S 80
594.4042968750	1.0000000000	608670	S 72
596.1806640625	1.0000000000	610489	S 75
596.9853515625	1.0000000000	611313	S 80
603.8759765625	1.0000000000	618369	S 71
606.0146484375	1.0000000000	620559	S 75
606.8369140625	1.0000000000	621401	S 81
613.1337890625	1.0000000000	627849	S 72
615.0478515625	1.0000000000	629809	S 75
615.8710937500	1.0000000000	630652	S 81
622.4521484375	1.0000000000	637391	S 71
624.1416015625	1.0000000000	639121	S 75
624.9716796875	1.0000000000	639971	S 80
630.9248046875	1.0000000000	646067	S 72
632.2705078125	1.0000000000	647445	S 75
633.1044921875	1.0000000000	648299	S 80
639.7890625000	1.0000000000	655144	S 71
644.0576171875	1.0000000000	659515	S 75
644.8935546875	1.0000000000	660371	S 80
651.4082031250	1.0000000000	667042	S 72
652.8203125000	1.0000000000	668488	S 74
653.6269531250	1.0000000000	669314	S 80
660.2324218750	1.0000000000	676078	S 71
661.5791015625	1.0000000000	677457	S 74
662.4101562500	1.0000000000	678308	S 81
668.7763671875	1.0000000000	684827	S 72
670.8525390625	1.0000000000	686953	S 75
671.6777343750	1.0000000000	687798	S 81
678.4218750000	1.0000000000	694704	S 71
679.4179687500	1.0000000000	695724	S 76
680.2441406250	1.0000000000	696570	S 80
686.3974609375	1.0000000000	702871	S 71
687.9775390625	1.0000000000	704489	S 75
688.8105468750	1.0000000000	705342	S 81
695.3310546875	1.0000000000	712019	S 72
699.5419921875	1.0000000000	716331	S 75
700.3662109375	1.0000000000	717175	S 81
706.4238281250	1.0000000000	723378	S 72
708.1171875000	1.0000000000	725112	S 76
708.9492187500	1.0000000000	725964	S 81
715.4960937500	1.0000000000	732668	S 71
717.3291015625	1.0000000000	734545	S 76
718.1503906250	1.0000000000	735386	S 80
725.3535156250	1.0000000000	742762	S 71
727.7636718750	1.0000000000	745230	S 75
728.5869140625	1.0000000000	746073	S 81
734.4052734375	1.0000000000	752031	S 72
736.7236328125	1.0000000000	754405	S 75
737.5546875000	1.0000000000	755256	S 81
743.2265625000	1.0000000000	761064	S 72
744.4970703125	1.0000000000	762365	S 76
745.3193359375	1.0000000000	763207	S 81
751.9658203125	1.0000000000	770013	S 71
753.1171875000	1.0000000000	771192	S 76
753.9521484375	1.0000000000	772047	S 81
760.2402343750	1.0000000000	778486	S 71
762.1054687500	1.0000000000	780396	S 76
762.9365234375	1.0000000000	781247	S 81
769.1679687500	1.0000000000	787628	S 72
770.6035156250	1.0000000000	789098	S 75
771.4355468750	1.0000000000	789950	S 80
777.3632812500	1.0000000000	796020	S 72
778.4248046875	1.0000000000	797107	S 75
779.2509765625	1.0000000000	797953	S 80
785.8554687500	1.0000000000	804716	S 72
788.2363281250	1.0000000000	807154	S 74
789.0693359375	1.0000000000	808007	S 81
795.1142578125	1.0000000000	814197	S 71
796.5263671875	1.0000000000	815643	S 75
797.3525390625	1.0000000000	816489	S 80
803.3720703125	1.0000000000	822653	S 72
804.8027343750	1.0000000000	824118	S 75
805.6347656250	1.0000000000	824970	S 80
811.9169921875	1.0000000000	831403	S 71
813.1738281250	1.0000000000	832690	S 74
814.0009765625	1.0000000000	833537	S 81
820.1630859375	1.0000000000	839847	S 71
821.6757812500	1.0000000000	841396	S 74
822.5000000000	1.0000000000	842240	S 81
829.4892578125	1.0000000000	849397	S 72
831.7089843750	1.0000000000	851670	S 75
832.5361328125	1.0000000000	852517	S 80
839.4580078125	1.0000000000	859605	S 72
842.3066406250	1.0000000000	862522	S 75
843.1396484375	1.0000000000	863375	S 80
850.2001953125	1.0000000000	870605	S 71
851.3613281250	1.0000000000	871794	S 74
852.1904296875	1.0000000000	872643	S 81
858.6347656250	1.0000000000	879242	S 71
861.3378906250	1.0000000000	882010	S 75
862.1591796875	1.0000000000	882851	S 80
868.7138671875	1.0000000000	889563	S 72
872.7890625000	1.0000000000	893736	S 75
873.6152343750	1.0000000000	894582	S 81
879.7773437500	1.0000000000	900892	S 71
881.0107421875	1.0000000000	902155	S 75
881.8476562500	1.0000000000	903012	S 80
889.7509765625	1.0000000000	911105	S 72
891.2910156250	1.0000000000	912682	S 74
892.1171875000	1.0000000000	913528	S 80
900.4003906250	1.0000000000	922010	S 71
904.5498046875	1.0000000000	926259	S 74
905.3759765625	1.0000000000	927105	S 80
912.0302734375	1.0000000000	933919	S 72
916.2675781250	1.0000000000	938258	S 74
917.0976562500	1.0000000000	939108	S 81
923.6601562500	1.0000000000	945828	S 71
924.6201171875	1.0000000000	946811	S 75
925.4472656250	1.0000000000	947658	S 81
932.4775390625	1.0000000000	954857	S 72
934.1445312500	1.0000000000	956564	S 76
934.9658203125	1.0000000000	957405	S 81
940.8896484375	1.0000000000	963471	S 71
942.0000000000	1.0000000000	964608	S 76
942.8310546875	1.0000000000	965459	S 81
949.5800781250	1.0000000000	972370	S 71
951.0322265625	1.0000000000	973857	S 76
951.8642578125	1.0000000000	974709	S 81
958.0683593750	1.0000000000	981062	S 71
959.0498046875	1.0000000000	982067	S 76
959.8798828125	1.0000000000	982917	S 80
967.0615234375	1.0000000000	990271	S 71
967.9960937500	1.0000000000	991228	S 76
968.8300781250	1.0000000000	992082	S 81
974.9169921875	1.0000000000	998315	S 72
976.5800781250	1.0000000000	1000018	S 76
977.4130859375	1.0000000000	1000871	S 80
983.2333984375	1.0000000000	1006831	S 72
985.0244140625	1.0000000000	1008665	S 75
985.8466796875	1.0000000000	1009507	S 80
992.4853515625	1.0000000000	1016305	S 72
994.7060546875	1.0000000000	1018579	S 74
995.5312500000	1.0000000000	1019424	S 80
1001.5332031250	1.0000000000	1025570	S 72
1002.6982421875	1.0000000000	1026763	S 75
1003.5302734375	1.0000000000	1027615	S 80
1009.4414062500	1.0000000000	1033668	S 71
1011.5478515625	1.0000000000	1035825	S 74
1012.3808593750	1.0000000000	1036678	S 80
1018.2607421875	1.0000000000	1042699	S 72
1021.7363281250	1.0000000000	1046258	S 74
1022.5664062500	1.0000000000	1047108	S 80
1028.2666015625	1.0000000000	1052945	S 71
1029.7919921875	1.0000000000	1054507	S 74
1030.6152343750	1.0000000000	1055350	S 81
1037.1962890625	1.0000000000	1062089	S 71
1038.4248046875	1.0000000000	1063347	S 74
1039.2480468750	1.0000000000	1064190	S 81
1046.1689453125	1.0000000000	1071277	S 71
1047.5302734375	1.0000000000	1072671	S 75
1048.3662109375	1.0000000000	1073527	S 81
1055.1630859375	1.0000000000	1080487	S 72
1057.2080078125	1.0000000000	1082581	S 75
1058.0341796875	1.0000000000	1083427	S 81
1064.4882812500	1.0000000000	1090036	S 72
1065.6162109375	1.0000000000	1091191	S 76
1066.4501953125	1.0000000000	1092045	S 81
1072.9433593750	1.0000000000	1098694	S 71
1074.2783203125	1.0000000000	1100061	S 76
1075.1005859375	1.0000000000	1100903	S 81
1081.6220703125	1.0000000000	1107581	S 72
1082.7910156250	1.0000000000	1108778	S 76
1083.6171875000	1.0000000000	1109624	S 80
1090.7167968750	1.0000000000	1116894	S 71
1092.4462890625	1.0000000000	1118665	S 76
1093.2685546875	1.0000000000	1119507	S 80
1099.9697265625	1.0000000000	1126369	S 72
1101.9492187500	1.0000000000	1128396	S 75
1102.7871093750	1.0000000000	1129254	S 81
1109.5488281250	1.0000000000	1136178	S 72
1111.0156250000	1.0000000000	1137680	S 75
1111.8378906250	1.0000000000	1138522	S 81
1118.9169921875	1.0000000000	1145771	S 71
1120.5136718750	1.0000000000	1147406	S 75
1121.3388671875	1.0000000000	1148251	S 81
1127.2011718750	1.0000000000	1154254	S 72
1128.5332031250	1.0000000000	1155618	S 76
1129.3710937500	1.0000000000	1156476	S 80
1135.7333984375	1.0000000000	1162991	S 72
1137.3027343750	1.0000000000	1164598	S 75
1138.1376953125	1.0000000000	1165453	S 81
1144.6191406250	1.0000000000	1172090	S 71
1145.8154296875	1.0000000000	1173315	S 76
1146.6376953125	1.0000000000	1174157	S 81
1152.6699218750	1.0000000000	1180334	S 72
1154.4980468750	1.0000000000	1182206	S 76
1155.3203125000	1.0000000000	1183048	S 80
1163.7265625000	1.0000000000	1191656	S 71
1164.8183593750	1.0000000000	1192774	S 75
1165.6406250000	1.0000000000	1193616	S 80
1171.9804687500	1.0000000000	1200108	S 72
1173.6728515625	1.0000000000	1201841	S 75
1174.5078125000	1.0000000000	1202696	S 80
1183.5429687500	1.0000000000	1211948	S 72
1184.9628906250	1.0000000000	1213402	S 74
1185.7958984375	1.0000000000	1214255	S 81
1192.4931640625	1.0000000000	1221113	S 71
1194.0820312500	1.0000000000	1222740	S 74
1194.9130859375	1.0000000000	1223591	S 81
1201.3623046875	1.0000000000	1230195	S 72
1202.8115234375	1.0000000000	1231679	S 75
1203.6464843750	1.0000000000	1232534	S 80
1210.0283203125	1.0000000000	1239069	S 72
1214.0195312500	1.0000000000	1243156	S 74
1214.8515625000	1.0000000000	1244008	S 81
1221.0546875000	1.0000000000	1250360	S 71
1222.9609375000	1.0000000000	1252312	S 75
1223.7851562500	1.0000000000	1253156	S 81
1229.9248046875	1.0000000000	1259443	S 71
1231.2880859375	1.0000000000	1260839	S 75
1232.1181640625	1.0000000000	1261689	S 80
1238.9091796875	1.0000000000	1268643	S 72
1240.5449218750	1.0000000000	1270318	S 75
1241.3691406250	1.0000000000	1271162	S 81
1247.6308593750	1.0000000000	1277574	S 71
1249.6328125000	1.0000000000	1279624	S 75
1250.4697265625	1.0000000000	1280481	S 81
1257.2421875000	1.0000000000	1287416	S 72
1258.9531250000	1.0000000000	1289168	S 76
1259.7871093750	1.0000000000	1290022	S 81
1266.3583984375	1.0000000000	1296751	S 72
1267.8974609375	1.0000000000	1298327	S 76
1268.7207031250	1.0000000000	1299170	S 81
1274.6943359375	1.0000000000	1305287	S 72
1275.6435546875	1.0000000000	1306259	S 76
1276.4697265625	1.0000000000	1307105	S 80
1282.7607421875	1.0000000000	1313547	S 72
1283.7998046875	1.0000000000	1314611	S 76
1284.6347656250	1.0000000000	1315466	S 81
1290.5908203125	1.0000000000	1321565	S 72
1291.4609375000	1.0000000000	1322456	S 76
1292.2832031250	1.0000000000	1323298	S 81
1298.4150390625	1.0000000000	1329577	S 71
1301.6738281250	1.0000000000	1332914	S 76
1302.5019531250	1.0000000000	1333762	S 81
1308.7832031250	1.0000000000	1340194	S 71
1310.5390625000	1.0000000000	1341992	S 75
1311.3691406250	1.0000000000	1342842	S 81
1318.2158203125	1.0000000000	1349853	S 72
1319.9853515625	1.0000000000	1351665	S 75
1320.8212890625	1.0000000000	1352521	S 81
1326.7207031250	1.0000000000	1358562	S 72
1328.0556640625	1.0000000000	1359929	S 75
1328.8867187500	1.0000000000	1360780	S 80
1337.7734375000	1.0000000000	1369880	S 72
1339.7509765625	1.0000000000	1371905	S 75
1340.5751953125	1.0000000000	1372749	S 80
1350.3857421875	1.0000000000	1382795	S 71
1353.0625000000	1.0000000000	1385536	S 74
1353.8837890625	1.0000000000	1386377	S 81
1360.3945312500	1.0000000000	1393044	S 71
1361.4580078125	1.0000000000	1394133	S 75
1362.2832031250	1.0000000000	1394978	S 81
1369.1943359375	1.0000000000	1402055	S 71
1371.8867187500	1.0000000000	1404812	S 75
1372.7197265625	1.0000000000	1405665	S 81
1378.8300781250	1.0000000000	1411922	S 71
1380.0156250000	1.0000000000	1413136	S 76
1380.8525390625	1.0000000000	1413993	S 81
1388.9658203125	1.0000000000	1422301	S 71
1391.1357421875	1.0000000000	1424523	S 75
1391.9736328125	1.0000000000	1425381	S 81
1398.0390625000	1.0000000000	1431592	S 71
1400.0253906250	1.0000000000	1433626	S 75
1400.8574218750	1.0000000000	1434478	S 81
1407.7724609375	1.0000000000	1441559	S 71
1409.7558593750	1.0000000000	1443590	S 75
1410.5927734375	1.0000000000	1444447	S 81
1416.2509765625	1.0000000000	1450241	S 71
1417.4111328125	1.0000000000	1451429	S 75
1418.2402343750	1.0000000000	1452278	S 80
1424.8476562500	1.0000000000	1459044	S 71
1428.0068359375	1.0000000000	1462279	S 75
1428.8447265625	1.0000000000	1463137	S 81
1434.4433593750	1.0000000000	1468870	S 71
1435.9521484375	1.0000000000	1470415	S 75
1436.7763671875	1.0000000000	1471259	S 81
1442.9746093750	1.0000000000	1477606	S 71
1444.7666015625	1.0000000000	1479441	S 75
1445.5927734375	1.0000000000	1480287	S 81
1451.9111328125	1.0000000000	1486757	S 71
1453.0244140625	1.0000000000	1487897	S 76
1453.8583984375	1.0000000000	1488751	S 80
1461.3730468750	1.0000000000	1496446	S 71
1463.1367187500	1.0000000000	1498252	S 75
1463.9619140625	1.0000000000	1499097	S 81
1469.4306640625	1.0000000000	1504697	S 71
1470.5000000000	1.0000000000	1505792	S 75
1471.3251953125	1.0000000000	1506637	S 81
1477.5996093750	1.0000000000	1513062	S 71
1478.7109375000	1.0000000000	1514200	S 75
1479.5410156250	1.0000000000	1515050	S 81
1485.9208984375	1.0000000000	1521583	S 72
1487.5244140625	1.0000000000	1523225	S 74
1488.3583984375	1.0000000000	1524079	S 81
1497.9111328125	1.0000000000	1533861	S 72
1499.6337890625	1.0000000000	1535625	S 74
1500.4648437500	1.0000000000	1536476	S 80
1506.9414062500	1.0000000000	1543108	S 71
1507.9277343750	1.0000000000	1544118	S 75
1508.7636718750	1.0000000000	1544974	S 81
1514.3876953125	1.0000000000	1550733	S 71
1515.9941406250	1.0000000000	1552378	S 76
1516.8291015625	1.0000000000	1553233	S 80
1523.0693359375	1.0000000000	1559623	S 71
1524.1240234375	1.0000000000	1560703	S 75
1524.9619140625	1.0000000000	1561561	S 80
1531.0126953125	1.0000000000	1567757	S 72
1532.0644531250	1.0000000000	1568834	S 74
1532.8935546875	1.0000000000	1569683	S 81
1539.3505859375	1.0000000000	1576295	S 72
1540.8535156250	1.0000000000	1577834	S 75
1541.6767578125	1.0000000000	1578677	S 81
1548.2050781250	1.0000000000	1585362	S 72
1549.6513671875	1.0000000000	1586843	S 75
1550.4775390625	1.0000000000	1587689	S 81
1556.7197265625	1.0000000000	1594081	S 72
1558.0576171875	1.0000000000	1595451	S 75
1558.8769531250	1.0000000000	1596290	S 80
1564.8701171875	1.0000000000	1602427	S 72
1565.8251953125	1.0000000000	1603405	S 75
1566.6582031250	1.0000000000	1604258	S 81
1572.5253906250	1.0000000000	1610266	S 72
1574.1621093750	1.0000000000	1611942	S 75
1574.9902343750	1.0000000000	1612790	S 81
1580.9121093750	1.0000000000	1618854	S 72
1581.8720703125	1.0000000000	1619837	S 76
1582.7050781250	1.0000000000	1620690	S 81
1589.2636718750	1.0000000000	1627406	S 72
1590.4433593750	1.0000000000	1628614	S 75
1591.2714843750	1.0000000000	1629462	S 81
1597.1455078125	1.0000000000	1635477	S 71
1598.6806640625	1.0000000000	1637049	S 76
1599.5039062500	1.0000000000	1637892	S 80
1605.8876953125	1.0000000000	1644429	S 72
1607.0273437500	1.0000000000	1645596	S 76
1607.8535156250	1.0000000000	1646442	S 81
1614.1679687500	1.0000000000	1652908	S 72
1615.0244140625	1.0000000000	1653785	S 76
1615.8525390625	1.0000000000	1654633	S 81
1624.7988281250	1.0000000000	1663794	S 72
1626.0849609375	1.0000000000	1665111	S 75
1626.8896484375	1.0000000000	1665935	S 81
1633.1289062500	1.0000000000	1672324	S 71
1636.8105468750	1.0000000000	1676094	S 75
1637.6435546875	1.0000000000	1676947	S 81
1644.5048828125	1.0000000000	1683973	S 71
1645.6308593750	1.0000000000	1685126	S 75
1646.4609375000	1.0000000000	1685976	S 81
1653.6455078125	1.0000000000	1693333	S 71
1655.6484375000	1.0000000000	1695384	S 75
1656.4804687500	1.0000000000	1696236	S 80
1663.6093750000	1.0000000000	1703536	S 72
1666.6005859375	1.0000000000	1706599	S 75
1667.4345703125	1.0000000000	1707453	S 81
1673.4873046875	1.0000000000	1713651	S 72
1675.3466796875	1.0000000000	1715555	S 75
1676.1845703125	1.0000000000	1716413	S 81
1682.7080078125	1.0000000000	1723093	S 72
1683.9355468750	1.0000000000	1724350	S 76
1684.7675781250	1.0000000000	1725202	S 81
1691.2216796875	1.0000000000	1731811	S 72
1693.7783203125	1.0000000000	1734429	S 76
1694.6025390625	1.0000000000	1735273	S 81
1700.7626953125	1.0000000000	1741581	S 72
1701.5791015625	1.0000000000	1742417	S 76
1702.4013671875	1.0000000000	1743259	S 81
1709.1142578125	1.0000000000	1750133	S 72
1710.2363281250	1.0000000000	1751282	S 76
1711.0673828125	1.0000000000	1752133	S 80
1718.0615234375	1.0000000000	1759295	S 72
1719.1171875000	1.0000000000	1760376	S 75
1719.9511718750	1.0000000000	1761230	S 80
1726.7187500000	1.0000000000	1768160	S 71
1727.9013671875	1.0000000000	1769371	S 75
1728.7353515625	1.0000000000	1770225	S 80
1735.7333984375	1.0000000000	1777391	S 72
1737.1250000000	1.0000000000	1778816	S 74
1737.9531250000	1.0000000000	1779664	S 80
1744.4228515625	1.0000000000	1786289	S 72
1745.7548828125	1.0000000000	1787653	S 74
1746.5859375000	1.0000000000	1788504	S 80
1752.7871093750	1.0000000000	1794854	S 71
1755.4462890625	1.0000000000	1797577	S 75
1756.2714843750	1.0000000000	1798422	S 81
1762.4257812500	1.0000000000	1804724	S 71
1763.2900390625	1.0000000000	1805609	S 75
1764.1191406250	1.0000000000	1806458	S 80
1770.6044921875	1.0000000000	1813099	S 71
1771.6953125000	1.0000000000	1814216	S 74
1772.5019531250	1.0000000000	1815042	S 81
1778.4150390625	1.0000000000	1821097	S 71
1779.7011718750	1.0000000000	1822414	S 75
1780.5341796875	1.0000000000	1823267	S 81
1787.1425781250	1.0000000000	1830034	S 72
1788.5791015625	1.0000000000	1831505	S 75
1789.4013671875	1.0000000000	1832347	S 80
1795.8417968750	1.0000000000	1838942	S 71
1797.0332031250	1.0000000000	1840162	S 75
1797.8671875000	1.0000000000	1841016	S 80
1804.0517578125	1.0000000000	1847349	S 72
1805.3388671875	1.0000000000	1848667	S 74
1806.1669921875	1.0000000000	1849515	S 81
1812.3447265625	1.0000000000	1855841	S 71
1814.3710937500	1.0000000000	1857916	S 75
1815.2001953125	1.0000000000	1858765	S 80
1823.0478515625	1.0000000000	1866801	S 72
1824.3837890625	1.0000000000	1868169	S 74
1825.2197265625	1.0000000000	1869025	S 81
1828.3251953125	1.0000000000	1872205	S150
1829.6660156250	1.0000000000	1873578	S151
1834.1494140625	1.0000000000	1878169	S 72
1836.8251953125	1.0000000000	1880909	S 75
1837.6513671875	1.0000000000	1881755	S 80
1843.6953125000	1.0000000000	1887944	S 71
1844.7626953125	1.0000000000	1889037	S 74
1845.5996093750	1.0000000000	1889894	S 80
1851.6621093750	1.0000000000	1896102	S 71
1852.9472656250	1.0000000000	1897418	S 74
1853.7822265625	1.0000000000	1898273	S 80
1859.9941406250	1.0000000000	1904634	S 72
1861.0761718750	1.0000000000	1905742	S 75
1861.9140625000	1.0000000000	1906600	S 80
1868.4013671875	1.0000000000	1913243	S 72
1869.4423828125	1.0000000000	1914309	S 74
1870.2802734375	1.0000000000	1915167	S 81
1876.1962890625	1.0000000000	1921225	S 72
1877.7939453125	1.0000000000	1922861	S 74
1878.6289062500	1.0000000000	1923716	S 81
1884.5742187500	1.0000000000	1929804	S 71
1885.7099609375	1.0000000000	1930967	S 75
1886.5449218750	1.0000000000	1931822	S 81
1892.3720703125	1.0000000000	1937789	S 71
1893.6240234375	1.0000000000	1939071	S 75
1894.4599609375	1.0000000000	1939927	S 81
1900.6142578125	1.0000000000	1946229	S 71
1901.8867187500	1.0000000000	1947532	S 75
1902.7089843750	1.0000000000	1948374	S 81
1909.0585937500	1.0000000000	1954876	S 72
1910.7998046875	1.0000000000	1956659	S 76
1911.6259765625	1.0000000000	1957505	S 80
1917.8056640625	1.0000000000	1963833	S 71
1918.8232421875	1.0000000000	1964875	S 75
1919.6582031250	1.0000000000	1965730	S 80
1925.6689453125	1.0000000000	1971885	S 71
1926.7988281250	1.0000000000	1973042	S 74
1927.6230468750	1.0000000000	1973886	S 81
1933.5029296875	1.0000000000	1979907	S 72
1934.4736328125	1.0000000000	1980901	S 75
1935.3046875000	1.0000000000	1981752	S 81
1941.7636718750	1.0000000000	1988366	S 72
1943.1757812500	1.0000000000	1989812	S 75
1944.0048828125	1.0000000000	1990661	S 80
1950.4316406250	1.0000000000	1997242	S 71
1951.3486328125	1.0000000000	1998181	S 74
1952.1699218750	1.0000000000	1999022	S 81
1958.0976562500	1.0000000000	2005092	S 71
1960.6484375000	1.0000000000	2007704	S 75
1961.4716796875	1.0000000000	2008547	S 81
1968.1142578125	1.0000000000	2015349	S 72
1969.1914062500	1.0000000000	2016452	S 75
1970.0205078125	1.0000000000	2017301	S 81
1976.5742187500	1.0000000000	2024012	S 72
1978.0478515625	1.0000000000	2025521	S 75
1978.8710937500	1.0000000000	2026364	S 80
1985.3457031250	1.0000000000	2032994	S 72
1987.7685546875	1.0000000000	2035475	S 75
1988.5898437500	1.0000000000	2036316	S 81
1994.3720703125	1.0000000000	2042237	S 72
1995.8388671875	1.0000000000	2043739	S 76
1996.6718750000	1.0000000000	2044592	S 80
2004.9560546875	1.0000000000	2053075	S 72
2008.0820312500	1.0000000000	2056276	S 74
2008.9121093750	1.0000000000	2057126	S 81
2015.5312500000	1.0000000000	2063904	S 71
2017.2880859375	1.0000000000	2065703	S 75
2018.1132812500	1.0000000000	2066548	S 81
2024.7539062500	1.0000000000	2073348	S 71
2027.3710937500	1.0000000000	2076028	S 75
2028.1992187500	1.0000000000	2076876	S 80
2035.2822265625	1.0000000000	2084129	S 71
2036.5585937500	1.0000000000	2085436	S 75
2037.3828125000	1.0000000000	2086280	S 81
2043.4531250000	1.0000000000	2092496	S 71
2047.5673828125	1.0000000000	2096709	S 75
2048.4042968750	1.0000000000	2097566	S 81
2054.6494140625	1.0000000000	2103961	S 72
2055.9746093750	1.0000000000	2105318	S 75
2056.8037109375	1.0000000000	2106167	S 81
2062.6660156250	1.0000000000	2112170	S 71
2064.7128906250	1.0000000000	2114266	S 75
2065.5371093750	1.0000000000	2115110	S 81
2071.9580078125	1.0000000000	2121685	S 71
2072.9013671875	1.0000000000	2122651	S 76
2073.7363281250	1.0000000000	2123506	S 81
2080.1591796875	1.0000000000	2130083	S 72
2081.8388671875	1.0000000000	2131803	S 75
2082.6699218750	1.0000000000	2132654	S 81
2088.6220703125	1.0000000000	2138749	S 71
2090.7568359375	1.0000000000	2140935	S 76
2091.5869140625	1.0000000000	2141785	S 81
2099.1464843750	1.0000000000	2149526	S 71
2101.2207031250	1.0000000000	2151650	S 75
2102.0566406250	1.0000000000	2152506	S 81
2108.5761718750	1.0000000000	2159182	S 71
2110.3417968750	1.0000000000	2160990	S 76
2111.1748046875	1.0000000000	2161843	S 80
2117.5937500000	1.0000000000	2168416	S 72
2119.2636718750	1.0000000000	2170126	S 75
2120.0917968750	1.0000000000	2170974	S 81
2127.1328125000	1.0000000000	2178184	S 72
2128.6259765625	1.0000000000	2179713	S 75
2129.4599609375	1.0000000000	2180567	S 80
2136.1357421875	1.0000000000	2187403	S 72
2137.4755859375	1.0000000000	2188775	S 75
2138.3095703125	1.0000000000	2189629	S 81
2144.0927734375	1.0000000000	2195551	S 71
2145.1660156250	1.0000000000	2196650	S 75
2145.9912109375	1.0000000000	2197495	S 80
2153.2939453125	1.0000000000	2204973	S 71
2154.4287109375	1.0000000000	2206135	S 74
2155.2587890625	1.0000000000	2206985	S 81
2161.4970703125	1.0000000000	2213373	S 72
2162.8300781250	1.0000000000	2214738	S 74
2163.6582031250	1.0000000000	2215586	S 81
2170.2998046875	1.0000000000	2222387	S 71
2171.8183593750	1.0000000000	2223942	S 75
2172.6425781250	1.0000000000	2224786	S 81
2179.0273437500	1.0000000000	2231324	S 71
2180.1074218750	1.0000000000	2232430	S 75
2180.9414062500	1.0000000000	2233284	S 81
2187.6230468750	1.0000000000	2240126	S 72
2188.7158203125	1.0000000000	2241245	S 76
2189.5410156250	1.0000000000	2242090	S 80
2196.3808593750	1.0000000000	2249094	S 71
2197.2890625000	1.0000000000	2250024	S 75
2198.1240234375	1.0000000000	2250879	S 81
2205.2050781250	1.0000000000	2258130	S 72
2208.4208984375	1.0000000000	2261423	S 75
2209.2451171875	1.0000000000	2262267	S 81
2215.0556640625	1.0000000000	2268217	S 71
2216.2626953125	1.0000000000	2269453	S 76
2217.0937500000	1.0000000000	2270304	S 81
2223.6562500000	1.0000000000	2277024	S 72
2225.6816406250	1.0000000000	2279098	S 76
2226.5117187500	1.0000000000	2279948	S 81
2233.9384765625	1.0000000000	2287553	S 71
2235.3222656250	1.0000000000	2288970	S 76
2236.1474609375	1.0000000000	2289815	S 80
2242.7304687500	1.0000000000	2296556	S 71
2244.3271484375	1.0000000000	2298191	S 76
2245.1640625000	1.0000000000	2299048	S 80
2251.5078125000	1.0000000000	2305544	S 72
2252.4082031250	1.0000000000	2306466	S 75
2253.2294921875	1.0000000000	2307307	S 81
2259.8974609375	1.0000000000	2314135	S 71
2260.8525390625	1.0000000000	2315113	S 75
2261.6796875000	1.0000000000	2315960	S 80
2268.2978515625	1.0000000000	2322737	S 71
2270.1289062500	1.0000000000	2324612	S 75
2270.9638671875	1.0000000000	2325467	S 81
2277.4960937500	1.0000000000	2332156	S 72
2278.9199218750	1.0000000000	2333614	S 75
2279.7470703125	1.0000000000	2334461	S 81
2286.3232421875	1.0000000000	2341195	S 71
2287.3037109375	1.0000000000	2342199	S 75
2288.1298828125	1.0000000000	2343045	S 81
2294.4404296875	1.0000000000	2349507	S 71
2295.2705078125	1.0000000000	2350357	S 76
2296.0947265625	1.0000000000	2351201	S 80
2302.5507812500	1.0000000000	2357812	S 71
2303.5019531250	1.0000000000	2358786	S 75
2304.3271484375	1.0000000000	2359631	S 80
2310.4765625000	1.0000000000	2365928	S 72
2311.3593750000	1.0000000000	2366832	S 75
2312.1923828125	1.0000000000	2367685	S 81
2318.1699218750	1.0000000000	2373806	S 72
2319.5214843750	1.0000000000	2375190	S 75
2320.3583984375	1.0000000000	2376047	S 81
2327.0576171875	1.0000000000	2382907	S 72
2328.3935546875	1.0000000000	2384275	S 75
2329.2255859375	1.0000000000	2385127	S 81
2336.1220703125	1.0000000000	2392189	S 72
2339.2255859375	1.0000000000	2395367	S 75
2340.0625000000	1.0000000000	2396224	S 81
2347.7744140625	1.0000000000	2404121	S 72
2350.2451171875	1.0000000000	2406651	S 75
2351.0673828125	1.0000000000	2407493	S 81
2357.6474609375	1.0000000000	2414231	S 72
2358.4736328125	1.0000000000	2415077	S 76
2359.2998046875	1.0000000000	2415923	S 80
2367.7333984375	1.0000000000	2424559	S 72
2369.0917968750	1.0000000000	2425950	S 75
2369.9199218750	1.0000000000	2426798	S 81
2377.6669921875	1.0000000000	2434731	S 72
2378.6289062500	1.0000000000	2435716	S 75
2379.4550781250	1.0000000000	2436562	S 80
2387.5507812500	1.0000000000	2444852	S 71
2388.8554687500	1.0000000000	2446188	S 75
2389.6914062500	1.0000000000	2447044	S 81
2395.8183593750	1.0000000000	2453318	S 71
2396.7470703125	1.0000000000	2454269	S 75
2397.5722656250	1.0000000000	2455114	S 80
2403.3710937500	1.0000000000	2461052	S 71
2404.4794921875	1.0000000000	2462187	S 74
2405.3037109375	1.0000000000	2463031	S 81
2411.2353515625	1.0000000000	2469105	S 71
2414.2480468750	1.0000000000	2472190	S 75
2415.0732421875	1.0000000000	2473035	S 81
2421.9072265625	1.0000000000	2480033	S 72
2423.2617187500	1.0000000000	2481420	S 75
2424.0898437500	1.0000000000	2482268	S 80
2430.4208984375	1.0000000000	2488751	S 71
2432.0634765625	1.0000000000	2490433	S 75
2432.8906250000	1.0000000000	2491280	S 80
2438.6513671875	1.0000000000	2497179	S 71
2440.3515625000	1.0000000000	2498920	S 74
2441.1728515625	1.0000000000	2499761	S 80
2448.3955078125	1.0000000000	2507157	S 72
2449.5537109375	1.0000000000	2508343	S 75
2450.3906250000	1.0000000000	2509200	S 80
2457.9238281250	1.0000000000	2516914	S 71
2460.2138671875	1.0000000000	2519259	S 75
2461.0439453125	1.0000000000	2520109	S 81
2470.3164062500	1.0000000000	2529604	S 71
2471.2031250000	1.0000000000	2530512	S 75
2472.0322265625	1.0000000000	2531361	S 81
2478.2451171875	1.0000000000	2537723	S 71
2479.0986328125	1.0000000000	2538597	S 75
2479.9306640625	1.0000000000	2539449	S 81
2486.4501953125	1.0000000000	2546125	S 71
2487.3593750000	1.0000000000	2547056	S 76
2488.1962890625	1.0000000000	2547913	S 80
2494.4287109375	1.0000000000	2554295	S 72
2495.7294921875	1.0000000000	2555627	S 75
2496.5625000000	1.0000000000	2556480	S 81
2502.4951171875	1.0000000000	2562555	S 72
2503.4482421875	1.0000000000	2563531	S 75
2504.2773437500	1.0000000000	2564380	S 81
2511.2421875000	1.0000000000	2571512	S 72
2512.4033203125	1.0000000000	2572701	S 76
2513.2275390625	1.0000000000	2573545	S 81
2519.3232421875	1.0000000000	2579787	S 71
2520.8408203125	1.0000000000	2581341	S 75
2521.6767578125	1.0000000000	2582197	S 81
2527.6904296875	1.0000000000	2588355	S 71
2528.9833984375	1.0000000000	2589679	S 76
2529.8095703125	1.0000000000	2590525	S 81
2535.5039062500	1.0000000000	2596356	S 71
2536.7597656250	1.0000000000	2597642	S 76
2537.5908203125	1.0000000000	2598493	S 81
2544.2451171875	1.0000000000	2605307	S 72
2545.0966796875	1.0000000000	2606179	S 75
2545.9228515625	1.0000000000	2607025	S 80
2553.3330078125	1.0000000000	2614613	S 72
2554.5097656250	1.0000000000	2615818	S 75
2555.3417968750	1.0000000000	2616670	S 81
2563.1591796875	1.0000000000	2624675	S 71
2564.2099609375	1.0000000000	2625751	S 75
2565.0429687500	1.0000000000	2626604	S 80
2570.9570312500	1.0000000000	2632660	S 72
2571.9726562500	1.0000000000	2633700	S 75
2572.8085937500	1.0000000000	2634556	S 80
2579.3310546875	1.0000000000	2641235	S 72
2580.8183593750	1.0000000000	2642758	S 74
2581.6416015625	1.0000000000	2643601	S 80
2588.8574218750	1.0000000000	2650990	S 72
2590.1777343750	1.0000000000	2652342	S 75
2591.0097656250	1.0000000000	2653194	S 80
2598.9199218750	1.0000000000	2661294	S 72
2600.3691406250	1.0000000000	2662778	S 74
2601.1953125000	1.0000000000	2663624	S 81
2607.9091796875	1.0000000000	2670499	S 71
2610.0673828125	1.0000000000	2672709	S 74
2610.8974609375	1.0000000000	2673559	S 81
2617.2089843750	1.0000000000	2680022	S 71
2618.6269531250	1.0000000000	2681474	S 75
2619.4472656250	1.0000000000	2682314	S 81
2623.5107421875	1.0000000000	2686475	S 71
2625.4169921875	1.0000000000	2688427	S 75
2626.2441406250	1.0000000000	2689274	S 80
2629.3603515625	1.0000000000	2692465	S201
2631.0937500000	1.0000000000	2694240	S100
2647.4462890625	1.0000000000	2710985	S 51
2649.5175781250	1.0000000000	2713106	S 54
2650.3486328125	1.0000000000	2713957	S 60
2656.4628906250	1.0000000000	2720218	S 52
2657.8681640625	1.0000000000	2721657	S 54
2658.6982421875	1.0000000000	2722507	S 60
2666.7421875000	1.0000000000	2730744	S 52
2668.4853515625	1.0000000000	2732529	S 54
2669.3183593750	1.0000000000	2733382	S 60
2675.5917968750	1.0000000000	2739806	S 52
2677.1464843750	1.0000000000	2741398	S 54
2677.9677734375	1.0000000000	2742239	S 60
2683.6767578125	1.0000000000	2748085	S 52
2684.8896484375	1.0000000000	2749327	S 55
2685.7158203125	1.0000000000	2750173	S 61
2692.0761718750	1.0000000000	2756686	S 52
2693.9746093750	1.0000000000	2758630	S 55
2694.7998046875	1.0000000000	2759475	S 61
2701.1152343750	1.0000000000	2765942	S 51
2702.1542968750	1.0000000000	2767006	S 56
2702.9824218750	1.0000000000	2767854	S 61
2709.8623046875	1.0000000000	2774899	S 51
2711.0410156250	1.0000000000	2776106	S 56
2711.8662109375	1.0000000000	2776951	S 61
2717.7343750000	1.0000000000	2782960	S 51
2718.6044921875	1.0000000000	2783851	S 56
2719.4306640625	1.0000000000	2784697	S 61
2725.5576171875	1.0000000000	2790971	S 51
2726.5224609375	1.0000000000	2791959	S 56
2727.3457031250	1.0000000000	2792802	S 61
2733.5898437500	1.0000000000	2799196	S 51
2734.4560546875	1.0000000000	2800083	S 56
2735.2783203125	1.0000000000	2800925	S 60
2741.7695312500	1.0000000000	2807572	S 52
2742.8828125000	1.0000000000	2808712	S 55
2743.7109375000	1.0000000000	2809560	S 60
2750.5908203125	1.0000000000	2816605	S 51
2752.4394531250	1.0000000000	2818498	S 55
2753.2617187500	1.0000000000	2819340	S 61
2759.2216796875	1.0000000000	2825443	S 52
2760.2480468750	1.0000000000	2826494	S 55
2761.0771484375	1.0000000000	2827343	S 61
2766.8867187500	1.0000000000	2833292	S 52
2767.9306640625	1.0000000000	2834361	S 55
2768.7587890625	1.0000000000	2835209	S 61
2775.0000000000	1.0000000000	2841600	S 52
2776.2783203125	1.0000000000	2842909	S 56
2777.1074218750	1.0000000000	2843758	S 61
2783.2001953125	1.0000000000	2849997	S 51
2784.0839843750	1.0000000000	2850902	S 56
2784.9062500000	1.0000000000	2851744	S 61
2791.9687500000	1.0000000000	2858976	S 51
2793.3623046875	1.0000000000	2860403	S 56
2794.1904296875	1.0000000000	2861251	S 61
2800.2001953125	1.0000000000	2867405	S 51
2801.0488281250	1.0000000000	2868274	S 55
2801.8720703125	1.0000000000	2869117	S 61
2808.0703125000	1.0000000000	2875464	S 51
2809.0468750000	1.0000000000	2876464	S 55
2809.8701171875	1.0000000000	2877307	S 61
2816.4335937500	1.0000000000	2884028	S 51
2817.3222656250	1.0000000000	2884938	S 56
2818.1533203125	1.0000000000	2885789	S 61
2824.3935546875	1.0000000000	2892179	S 52
2825.4335937500	1.0000000000	2893244	S 56
2826.2685546875	1.0000000000	2894099	S 60
2832.5263671875	1.0000000000	2900507	S 52
2833.4501953125	1.0000000000	2901453	S 55
2834.2841796875	1.0000000000	2902307	S 60
2844.7060546875	1.0000000000	2912979	S 51
2846.3271484375	1.0000000000	2914639	S 55
2847.1582031250	1.0000000000	2915490	S 60
2853.0634765625	1.0000000000	2921537	S 51
2854.9091796875	1.0000000000	2923427	S 54
2855.7412109375	1.0000000000	2924279	S 61
2861.9492187500	1.0000000000	2930636	S 51
2862.9169921875	1.0000000000	2931627	S 54
2863.7402343750	1.0000000000	2932470	S 61
2869.9589843750	1.0000000000	2938838	S 52
2871.2734375000	1.0000000000	2940184	S 55
2872.1064453125	1.0000000000	2941037	S 60
2879.6748046875	1.0000000000	2948787	S 51
2880.7158203125	1.0000000000	2949853	S 54
2881.5410156250	1.0000000000	2950698	S 60
2888.3544921875	1.0000000000	2957675	S 51
2889.2763671875	1.0000000000	2958619	S 55
2890.1074218750	1.0000000000	2959470	S 61
2897.8066406250	1.0000000000	2967354	S 52
2899.3222656250	1.0000000000	2968906	S 55
2900.1435546875	1.0000000000	2969747	S 61
2906.5449218750	1.0000000000	2976302	S 51
2908.3916015625	1.0000000000	2978193	S 56
2909.2275390625	1.0000000000	2979049	S 61
2915.9501953125	1.0000000000	2985933	S 52
2917.7207031250	1.0000000000	2987746	S 56
2918.5449218750	1.0000000000	2988590	S 61
2925.0576171875	1.0000000000	2995259	S 52
2925.9677734375	1.0000000000	2996191	S 55
2926.7939453125	1.0000000000	2997037	S 61
2932.8476562500	1.0000000000	3003236	S 52
2934.0087890625	1.0000000000	3004425	S 55
2934.8427734375	1.0000000000	3005279	S 61
2940.5712890625	1.0000000000	3011145	S 51
2941.5830078125	1.0000000000	3012181	S 56
2942.4072265625	1.0000000000	3013025	S 61
2948.9150390625	1.0000000000	3019689	S 52
2950.8154296875	1.0000000000	3021635	S 55
2951.6416015625	1.0000000000	3022481	S 61
2958.9746093750	1.0000000000	3029990	S 51
2960.7128906250	1.0000000000	3031770	S 56
2961.5439453125	1.0000000000	3032621	S 60
2967.9726562500	1.0000000000	3039204	S 51
2968.8310546875	1.0000000000	3040083	S 55
2969.6601562500	1.0000000000	3040932	S 61
2975.6621093750	1.0000000000	3047078	S 51
2976.6074218750	1.0000000000	3048046	S 56
2977.4414062500	1.0000000000	3048900	S 61
2983.4414062500	1.0000000000	3055044	S 52
2984.9462890625	1.0000000000	3056585	S 56
2985.7734375000	1.0000000000	3057432	S 61
2991.7158203125	1.0000000000	3063517	S 52
2993.6933593750	1.0000000000	3065542	S 56
2994.5068359375	1.0000000000	3066375	S 60
3000.5732421875	1.0000000000	3072587	S 52
3001.9248046875	1.0000000000	3073971	S 55
3002.7568359375	1.0000000000	3074823	S 60
3009.2353515625	1.0000000000	3081457	S 51
3010.7177734375	1.0000000000	3082975	S 55
3011.5400390625	1.0000000000	3083817	S 61
3018.1621093750	1.0000000000	3090598	S 51
3019.4853515625	1.0000000000	3091953	S 55
3020.3066406250	1.0000000000	3092794	S 61
3026.3310546875	1.0000000000	3098963	S 51
3027.5195312500	1.0000000000	3100180	S 55
3028.3554687500	1.0000000000	3101036	S 61
3034.2451171875	1.0000000000	3107067	S 52
3035.1093750000	1.0000000000	3107952	S 56
3035.9365234375	1.0000000000	3108799	S 61
3042.3134765625	1.0000000000	3115329	S 51
3043.6494140625	1.0000000000	3116697	S 56
3044.4863281250	1.0000000000	3117554	S 61
3050.4111328125	1.0000000000	3123621	S 52
3051.2470703125	1.0000000000	3124477	S 56
3052.0839843750	1.0000000000	3125334	S 60
3058.4326171875	1.0000000000	3131835	S 52
3059.5234375000	1.0000000000	3132952	S 56
3060.3496093750	1.0000000000	3133798	S 60
3066.2646484375	1.0000000000	3139855	S 51
3067.4902343750	1.0000000000	3141110	S 55
3068.3154296875	1.0000000000	3141955	S 60
3074.4228515625	1.0000000000	3148209	S 51
3075.6621093750	1.0000000000	3149478	S 55
3076.4970703125	1.0000000000	3150333	S 60
3083.1923828125	1.0000000000	3157189	S 51
3084.3769531250	1.0000000000	3158402	S 54
3085.2138671875	1.0000000000	3159259	S 60
3091.3896484375	1.0000000000	3165583	S 51
3092.4160156250	1.0000000000	3166634	S 55
3093.2460937500	1.0000000000	3167484	S 60
3099.5654296875	1.0000000000	3173955	S 52
3100.5683593750	1.0000000000	3174982	S 54
3101.3955078125	1.0000000000	3175829	S 60
3111.3056640625	1.0000000000	3185977	S 51
3112.2392578125	1.0000000000	3186933	S 54
3113.0673828125	1.0000000000	3187781	S 60
3119.6992187500	1.0000000000	3194572	S 52
3122.4863281250	1.0000000000	3197426	S 54
3123.3203125000	1.0000000000	3198280	S 60
3129.7626953125	1.0000000000	3204877	S 51
3130.7255859375	1.0000000000	3205863	S 54
3131.5361328125	1.0000000000	3206693	S 60
3138.1074218750	1.0000000000	3213422	S 52
3140.6757812500	1.0000000000	3216052	S 54
3141.5048828125	1.0000000000	3216901	S 61
3147.5761718750	1.0000000000	3223118	S 51
3148.5429687500	1.0000000000	3224108	S 55
3149.3701171875	1.0000000000	3224955	S 61
3155.3398437500	1.0000000000	3231068	S 51
3156.1933593750	1.0000000000	3231942	S 55
3157.0185546875	1.0000000000	3232787	S 61
3163.5029296875	1.0000000000	3239427	S 52
3164.6943359375	1.0000000000	3240647	S 55
3165.5175781250	1.0000000000	3241490	S 60
3172.1972656250	1.0000000000	3248330	S 51
3173.7246093750	1.0000000000	3249894	S 55
3174.5517578125	1.0000000000	3250741	S 61
3180.8056640625	1.0000000000	3257145	S 52
3181.7666015625	1.0000000000	3258129	S 56
3182.6005859375	1.0000000000	3258983	S 61
3189.2978515625	1.0000000000	3265841	S 52
3190.4238281250	1.0000000000	3266994	S 56
3191.2509765625	1.0000000000	3267841	S 61
3197.5712890625	1.0000000000	3274313	S 52
3198.4121093750	1.0000000000	3275174	S 56
3199.2324218750	1.0000000000	3276014	S 61
3205.4462890625	1.0000000000	3282377	S 52
3206.4853515625	1.0000000000	3283441	S 56
3207.3144531250	1.0000000000	3284290	S 61
3213.2236328125	1.0000000000	3290341	S 52
3214.2011718750	1.0000000000	3291342	S 56
3215.0292968750	1.0000000000	3292190	S 61
3221.2509765625	1.0000000000	3298561	S 52
3222.3798828125	1.0000000000	3299717	S 56
3223.2119140625	1.0000000000	3300569	S 61
3230.1503906250	1.0000000000	3307674	S 51
3231.4736328125	1.0000000000	3309029	S 55
3232.2958984375	1.0000000000	3309871	S 60
3237.9453125000	1.0000000000	3315656	S 52
3239.3593750000	1.0000000000	3317104	S 55
3240.1943359375	1.0000000000	3317959	S 60
3245.8164062500	1.0000000000	3323716	S 52
3246.9101562500	1.0000000000	3324836	S 54
3247.7421875000	1.0000000000	3325688	S 61
3255.4882812500	1.0000000000	3333620	S 51
3257.7060546875	1.0000000000	3335891	S 54
3258.5292968750	1.0000000000	3336734	S 60
3264.9384765625	1.0000000000	3343297	S 52
3266.7314453125	1.0000000000	3345133	S 54
3267.5634765625	1.0000000000	3345985	S 60
3273.7099609375	1.0000000000	3352279	S 51
3275.2949218750	1.0000000000	3353902	S 54
3276.1298828125	1.0000000000	3354757	S 60
3283.3789062500	1.0000000000	3362180	S 52
3285.6308593750	1.0000000000	3364486	S 54
3286.4658203125	1.0000000000	3365341	S 60
3294.9199218750	1.0000000000	3373998	S 52
3295.8300781250	1.0000000000	3374930	S 54
3296.6523437500	1.0000000000	3375772	S 61
3304.3095703125	1.0000000000	3383613	S 51
3305.9355468750	1.0000000000	3385278	S 54
3306.7548828125	1.0000000000	3386117	S 61
3312.9453125000	1.0000000000	3392456	S 52
3315.6523437500	1.0000000000	3395228	S 54
3316.4736328125	1.0000000000	3396069	S 61
3322.7089843750	1.0000000000	3402454	S 51
3323.5664062500	1.0000000000	3403332	S 55
3324.3886718750	1.0000000000	3404174	S 61
3330.3203125000	1.0000000000	3410248	S 51
3331.2441406250	1.0000000000	3411194	S 55
3332.0703125000	1.0000000000	3412040	S 60
3338.2548828125	1.0000000000	3418373	S 52
3339.7167968750	1.0000000000	3419870	S 55
3340.5527343750	1.0000000000	3420726	S 61
3347.4228515625	1.0000000000	3427761	S 51
3348.2734375000	1.0000000000	3428632	S 55
3349.1025390625	1.0000000000	3429481	S 60
3355.3574218750	1.0000000000	3435886	S 52
3356.3759765625	1.0000000000	3436929	S 55
3357.2011718750	1.0000000000	3437774	S 60
3364.5175781250	1.0000000000	3445266	S 51
3365.7158203125	1.0000000000	3446493	S 54
3366.5527343750	1.0000000000	3447350	S 61
3372.3740234375	1.0000000000	3453311	S 51
3373.5263671875	1.0000000000	3454491	S 55
3374.3505859375	1.0000000000	3455335	S 61
3380.5810546875	1.0000000000	3461715	S 52
3381.3964843750	1.0000000000	3462550	S 55
3382.2158203125	1.0000000000	3463389	S 61
3388.5996093750	1.0000000000	3469926	S 51
3389.8085937500	1.0000000000	3471164	S 56
3390.6318359375	1.0000000000	3472007	S 60
3397.4707031250	1.0000000000	3479010	S 51
3398.8496093750	1.0000000000	3480422	S 55
3399.6826171875	1.0000000000	3481275	S 60
3407.0253906250	1.0000000000	3488794	S 52
3408.1748046875	1.0000000000	3489971	S 54
3409.0009765625	1.0000000000	3490817	S 61
3416.6298828125	1.0000000000	3498629	S 51
3418.6083984375	1.0000000000	3500655	S 54
3419.4375000000	1.0000000000	3501504	S 60
3426.6289062500	1.0000000000	3508868	S 52
3427.9892578125	1.0000000000	3510261	S 54
3428.8222656250	1.0000000000	3511114	S 60
3437.2763671875	1.0000000000	3519771	S 51
3438.3886718750	1.0000000000	3520910	S 54
3439.2255859375	1.0000000000	3521767	S 60
3445.9267578125	1.0000000000	3528629	S 51
3447.0703125000	1.0000000000	3529800	S 54
3447.8916015625	1.0000000000	3530641	S 61
3450.9990234375	1.0000000000	3533823	S150
3451.6113281250	1.0000000000	3534450	S151
3455.6083984375	1.0000000000	3538543	S 51
3457.1328125000	1.0000000000	3540104	S 54
3457.9599609375	1.0000000000	3540951	S 61
3463.8837890625	1.0000000000	3547017	S 51
3465.1093750000	1.0000000000	3548272	S 55
3465.9423828125	1.0000000000	3549125	S 61
3471.9814453125	1.0000000000	3555309	S 51
3473.0429687500	1.0000000000	3556396	S 55
3473.8740234375	1.0000000000	3557247	S 61
3479.7783203125	1.0000000000	3563293	S 52
3480.8232421875	1.0000000000	3564363	S 56
3481.6552734375	1.0000000000	3565215	S 61
3488.2714843750	1.0000000000	3571990	S 52
3489.4599609375	1.0000000000	3573207	S 56
3490.2880859375	1.0000000000	3574055	S 60
3496.1005859375	1.0000000000	3580007	S 51
3497.1972656250	1.0000000000	3581130	S 55
3498.0195312500	1.0000000000	3581972	S 60
3503.8603515625	1.0000000000	3587953	S 52
3504.8095703125	1.0000000000	3588925	S 55
3505.6347656250	1.0000000000	3589770	S 60
3511.7167968750	1.0000000000	3595998	S 52
3512.8369140625	1.0000000000	3597145	S 54
3513.6669921875	1.0000000000	3597995	S 61
3519.4121093750	1.0000000000	3603878	S 51
3520.5244140625	1.0000000000	3605017	S 54
3521.3476562500	1.0000000000	3605860	S 61
3527.6015625000	1.0000000000	3612264	S 52
3528.8427734375	1.0000000000	3613535	S 55
3529.6640625000	1.0000000000	3614376	S 61
3535.8447265625	1.0000000000	3620705	S 51
3536.8984375000	1.0000000000	3621784	S 55
3537.7294921875	1.0000000000	3622635	S 60
3544.3085937500	1.0000000000	3629372	S 52
3546.0576171875	1.0000000000	3631163	S 54
3546.8798828125	1.0000000000	3632005	S 60
3552.9951171875	1.0000000000	3638267	S 51
3554.2158203125	1.0000000000	3639517	S 54
3555.0458984375	1.0000000000	3640367	S 61
3561.6728515625	1.0000000000	3647153	S 51
3563.3554687500	1.0000000000	3648876	S 54
3564.1796875000	1.0000000000	3649720	S 61
3570.3476562500	1.0000000000	3656036	S 52
3571.5927734375	1.0000000000	3657311	S 55
3572.4287109375	1.0000000000	3658167	S 61
3579.0488281250	1.0000000000	3664946	S 52
3580.1699218750	1.0000000000	3666094	S 55
3580.9951171875	1.0000000000	3666939	S 61
3587.1953125000	1.0000000000	3673288	S 51
3588.2724609375	1.0000000000	3674391	S 56
3589.0947265625	1.0000000000	3675233	S 60
3594.9833984375	1.0000000000	3681263	S 51
3595.9023437500	1.0000000000	3682204	S 55
3596.7255859375	1.0000000000	3683047	S 61
3603.1796875000	1.0000000000	3689656	S 52
3604.4677734375	1.0000000000	3690975	S 56
3605.2919921875	1.0000000000	3691819	S 61
3611.0849609375	1.0000000000	3697751	S 52
3612.1591796875	1.0000000000	3698851	S 56
3612.9902343750	1.0000000000	3699702	S 60
3620.1728515625	1.0000000000	3707057	S 52
3621.3212890625	1.0000000000	3708233	S 55
3622.1572265625	1.0000000000	3709089	S 61
3628.2587890625	1.0000000000	3715337	S 51
3630.1806640625	1.0000000000	3717305	S 55
3631.0078125000	1.0000000000	3718152	S 60
3637.4257812500	1.0000000000	3724724	S 51
3638.8994140625	1.0000000000	3726233	S 55
3639.7246093750	1.0000000000	3727078	S 61
3645.4306640625	1.0000000000	3732921	S 52
3646.2626953125	1.0000000000	3733773	S 55
3647.0888671875	1.0000000000	3734619	S 61
3653.3652343750	1.0000000000	3741046	S 51
3654.2587890625	1.0000000000	3741961	S 55
3655.0869140625	1.0000000000	3742809	S 61
3661.0439453125	1.0000000000	3748909	S 52
3662.0429687500	1.0000000000	3749932	S 55
3662.8691406250	1.0000000000	3750778	S 60
3669.3496093750	1.0000000000	3757414	S 51
3670.2744140625	1.0000000000	3758361	S 55
3671.1015625000	1.0000000000	3759208	S 61
3677.5322265625	1.0000000000	3765793	S 52
3678.6855468750	1.0000000000	3766974	S 56
3679.5175781250	1.0000000000	3767826	S 60
3686.0332031250	1.0000000000	3774498	S 52
3689.1230468750	1.0000000000	3777662	S 55
3689.9541015625	1.0000000000	3778513	S 61
3695.5869140625	1.0000000000	3784281	S 51
3696.6582031250	1.0000000000	3785378	S 55
3697.4853515625	1.0000000000	3786225	S 61
3703.7324218750	1.0000000000	3792622	S 51
3704.8505859375	1.0000000000	3793767	S 55
3705.6845703125	1.0000000000	3794621	S 61
3712.5224609375	1.0000000000	3801623	S 51
3713.8349609375	1.0000000000	3802967	S 55
3714.6679687500	1.0000000000	3803820	S 61
3720.6894531250	1.0000000000	3809986	S 52
3721.5214843750	1.0000000000	3810838	S 56
3722.3496093750	1.0000000000	3811686	S 60
3728.5742187500	1.0000000000	3818060	S 51
3729.3769531250	1.0000000000	3818882	S 55
3730.1972656250	1.0000000000	3819722	S 61
3736.9345703125	1.0000000000	3826621	S 52
3737.8144531250	1.0000000000	3827522	S 55
3738.6474609375	1.0000000000	3828375	S 60
3744.4804687500	1.0000000000	3834348	S 51
3745.3466796875	1.0000000000	3835235	S 55
3746.1787109375	1.0000000000	3836087	S 61
3752.9248046875	1.0000000000	3842995	S 52
3753.9423828125	1.0000000000	3844037	S 55
3754.7783203125	1.0000000000	3844893	S 60
3762.3691406250	1.0000000000	3852666	S 52
3763.3925781250	1.0000000000	3853714	S 54
3764.2294921875	1.0000000000	3854571	S 61
3770.3896484375	1.0000000000	3860879	S 52
3772.5312500000	1.0000000000	3863072	S 54
3773.3632812500	1.0000000000	3863924	S 60
3780.0224609375	1.0000000000	3870743	S 51
3780.8808593750	1.0000000000	3871622	S 54
3781.7128906250	1.0000000000	3872474	S 60
3787.8056640625	1.0000000000	3878713	S 52
3789.3105468750	1.0000000000	3880254	S 55
3790.1455078125	1.0000000000	3881109	S 61
3795.9072265625	1.0000000000	3887009	S 52
3796.7724609375	1.0000000000	3887895	S 55
3797.5937500000	1.0000000000	3888736	S 61
3804.3583984375	1.0000000000	3895663	S 51
3805.6542968750	1.0000000000	3896990	S 55
3806.4765625000	1.0000000000	3897832	S 60
3814.9375000000	1.0000000000	3906496	S 52
3816.0263671875	1.0000000000	3907611	S 55
3816.8632812500	1.0000000000	3908468	S 61
3822.8300781250	1.0000000000	3914578	S 52
3823.7412109375	1.0000000000	3915511	S 55
3824.5781250000	1.0000000000	3916368	S 61
3830.8154296875	1.0000000000	3922755	S 51
3832.0859375000	1.0000000000	3924056	S 56
3832.9111328125	1.0000000000	3924901	S 61
3838.6962890625	1.0000000000	3930825	S 51
3839.5019531250	1.0000000000	3931650	S 56
3840.3251953125	1.0000000000	3932493	S 61
3846.8203125000	1.0000000000	3939144	S 51
3847.9824218750	1.0000000000	3940334	S 56
3848.8076171875	1.0000000000	3941179	S 61
3855.0517578125	1.0000000000	3947573	S 52
3856.1083984375	1.0000000000	3948655	S 55
3856.9404296875	1.0000000000	3949507	S 61
3862.6396484375	1.0000000000	3955343	S 51
3863.5478515625	1.0000000000	3956273	S 56
3864.3710937500	1.0000000000	3957116	S 61
3870.1240234375	1.0000000000	3963007	S 52
3872.0244140625	1.0000000000	3964953	S 56
3872.8544921875	1.0000000000	3965803	S 61
3879.0673828125	1.0000000000	3972165	S 52
3880.0410156250	1.0000000000	3973162	S 56
3880.8691406250	1.0000000000	3974010	S 61
3887.0371093750	1.0000000000	3980326	S 51
3887.8681640625	1.0000000000	3981177	S 55
3888.7011718750	1.0000000000	3982030	S 61
3895.0341796875	1.0000000000	3988515	S 52
3895.9111328125	1.0000000000	3989413	S 55
3896.7333984375	1.0000000000	3990255	S 61
3902.8251953125	1.0000000000	3996493	S 52
3903.6894531250	1.0000000000	3997378	S 55
3904.5146484375	1.0000000000	3998223	S 61
3910.6523437500	1.0000000000	4004508	S 51
3911.7353515625	1.0000000000	4005617	S 56
3912.5634765625	1.0000000000	4006465	S 60
3918.5205078125	1.0000000000	4012565	S 52
3919.3847656250	1.0000000000	4013450	S 55
3920.2109375000	1.0000000000	4014296	S 60
3926.7138671875	1.0000000000	4020955	S 52
3927.5751953125	1.0000000000	4021837	S 55
3928.4101562500	1.0000000000	4022692	S 61
3934.2402343750	1.0000000000	4028662	S 52
3935.0839843750	1.0000000000	4029526	S 55
3935.9082031250	1.0000000000	4030370	S 61
3941.8447265625	1.0000000000	4036449	S 52
3942.7548828125	1.0000000000	4037381	S 55
3943.5898437500	1.0000000000	4038236	S 61
3950.3046875000	1.0000000000	4045112	S 56
3951.3886718750	1.0000000000	4046222	S 52
3952.3984375000	1.0000000000	4047256	S 56
3953.2246093750	1.0000000000	4048102	S 61
3958.8828125000	1.0000000000	4053896	S 52
3959.9765625000	1.0000000000	4055016	S 56
3960.8056640625	1.0000000000	4055865	S 61
3967.7587890625	1.0000000000	4062985	S 51
3969.7109375000	1.0000000000	4064984	S 56
3970.5410156250	1.0000000000	4065834	S 60
3976.3964843750	1.0000000000	4071830	S 51
3977.9257812500	1.0000000000	4073396	S 55
3978.7568359375	1.0000000000	4074247	S 60
3985.3750000000	1.0000000000	4081024	S 51
3986.6689453125	1.0000000000	4082349	S 55
3987.4902343750	1.0000000000	4083190	S 61
3994.1289062500	1.0000000000	4089988	S 52
3995.0341796875	1.0000000000	4090915	S 55
3995.8564453125	1.0000000000	4091757	S 61
4002.3623046875	1.0000000000	4098419	S 51
4003.2978515625	1.0000000000	4099377	S 55
4004.1220703125	1.0000000000	4100221	S 60
4010.2871093750	1.0000000000	4106534	S 52
4011.3447265625	1.0000000000	4107617	S 54
4012.1708984375	1.0000000000	4108463	S 60
4017.9160156250	1.0000000000	4114346	S 52
4018.9873046875	1.0000000000	4115443	S 55
4019.8183593750	1.0000000000	4116294	S 60
4025.8388671875	1.0000000000	4122459	S 51
4026.7802734375	1.0000000000	4123423	S 54
4027.6171875000	1.0000000000	4124280	S 60
4036.4091796875	1.0000000000	4133283	S 51
4038.6591796875	1.0000000000	4135587	S 54
4039.4892578125	1.0000000000	4136437	S 61
4045.4228515625	1.0000000000	4142513	S 51
4046.3056640625	1.0000000000	4143417	S 54
4047.1376953125	1.0000000000	4144269	S 61
4052.6455078125	1.0000000000	4149909	S 51
4053.8173828125	1.0000000000	4151109	S 55
4054.6523437500	1.0000000000	4151964	S 60
4061.1298828125	1.0000000000	4158597	S 52
4062.4365234375	1.0000000000	4159935	S 54
4063.2685546875	1.0000000000	4160787	S 61
4069.1064453125	1.0000000000	4166765	S 52
4070.3408203125	1.0000000000	4168029	S 54
4071.1669921875	1.0000000000	4168875	S 60
4077.0634765625	1.0000000000	4174913	S 52
4077.9462890625	1.0000000000	4175817	S 54
4078.7812500000	1.0000000000	4176672	S 61
4085.3554687500	1.0000000000	4183404	S 51
4086.6123046875	1.0000000000	4184691	S 54
4087.4316406250	1.0000000000	4185530	S 61
4094.2871093750	1.0000000000	4192550	S 51
4095.1845703125	1.0000000000	4193469	S 55
4096.0146484375	1.0000000000	4194319	S 60
4101.8574218750	1.0000000000	4200302	S 52
4102.7353515625	1.0000000000	4201201	S 54
4103.5625000000	1.0000000000	4202048	S 61
4109.7998046875	1.0000000000	4208435	S 52
4110.7275390625	1.0000000000	4209385	S 54
4111.5605468750	1.0000000000	4210238	S 61
4117.9902343750	1.0000000000	4216822	S 52
4119.1044921875	1.0000000000	4217963	S 55
4119.9267578125	1.0000000000	4218805	S 61
4126.1113281250	1.0000000000	4225138	S 51
4126.9736328125	1.0000000000	4226021	S 55
4127.8085937500	1.0000000000	4226876	S 61
4133.9697265625	1.0000000000	4233185	S 52
4134.9804687500	1.0000000000	4234220	S 56
4135.8076171875	1.0000000000	4235067	S 61
4142.2509765625	1.0000000000	4241665	S 52
4143.0517578125	1.0000000000	4242485	S 56
4143.8730468750	1.0000000000	4243326	S 60
4150.4902343750	1.0000000000	4250102	S 52
4151.2939453125	1.0000000000	4250925	S 55
4152.1220703125	1.0000000000	4251773	S 61
4158.2929687500	1.0000000000	4258092	S 52
4159.6064453125	1.0000000000	4259437	S 55
4160.4375000000	1.0000000000	4260288	S 60
4166.5156250000	1.0000000000	4266512	S 52
4167.4853515625	1.0000000000	4267505	S 54
4168.3193359375	1.0000000000	4268359	S 60
4175.2646484375	1.0000000000	4275471	S 51
4176.6318359375	1.0000000000	4276871	S 54
4177.4541015625	1.0000000000	4277713	S 60
4186.3837890625	1.0000000000	4286857	S 51
4187.8525390625	1.0000000000	4288361	S 54
4188.6748046875	1.0000000000	4289203	S 60
4195.4287109375	1.0000000000	4296119	S 51
4197.1337890625	1.0000000000	4297865	S 54
4197.9599609375	1.0000000000	4298711	S 60
4203.8457031250	1.0000000000	4304738	S 51
4204.8818359375	1.0000000000	4305799	S 54
4205.7080078125	1.0000000000	4306645	S 61
4211.9628906250	1.0000000000	4313050	S 52
4213.2402343750	1.0000000000	4314358	S 54
4214.0742187500	1.0000000000	4315212	S 60
4220.6835937500	1.0000000000	4321980	S 52
4221.6572265625	1.0000000000	4322977	S 54
4222.4902343750	1.0000000000	4323830	S 61
4228.9121093750	1.0000000000	4330406	S 52
4229.7636718750	1.0000000000	4331278	S 54
4230.5888671875	1.0000000000	4332123	S 61
4236.7919921875	1.0000000000	4338475	S 51
4237.6855468750	1.0000000000	4339390	S 54
4238.5205078125	1.0000000000	4340245	S 60
4244.5273437500	1.0000000000	4346396	S 52
4245.4355468750	1.0000000000	4347326	S 54
4246.2685546875	1.0000000000	4348179	S 60
4252.8730468750	1.0000000000	4354942	S 52
4253.6992187500	1.0000000000	4355788	S 54
4254.5341796875	1.0000000000	4356643	S 61
4261.0732421875	1.0000000000	4363339	S 52
4262.1171875000	1.0000000000	4364408	S 54
4262.9501953125	1.0000000000	4365261	S 61
4268.9306640625	1.0000000000	4371385	S 52
4269.9023437500	1.0000000000	4372380	S 54
4270.7324218750	1.0000000000	4373230	S 61
4277.4228515625	1.0000000000	4380081	S 52
4278.7587890625	1.0000000000	4381449	S 56
4279.5820312500	1.0000000000	4382292	S 60
4286.0732421875	1.0000000000	4388939	S 52
4287.6435546875	1.0000000000	4390547	S 55
4288.4658203125	1.0000000000	4391389	S 60
4295.2177734375	1.0000000000	4398303	S 51
4296.1933593750	1.0000000000	4399302	S 54
4297.0156250000	1.0000000000	4400144	S 60
4302.6777343750	1.0000000000	4405942	S 51
4303.6884765625	1.0000000000	4406977	S 54
4304.5136718750	1.0000000000	4407822	S 60
4310.6845703125	1.0000000000	4414141	S 54
4311.6142578125	1.0000000000	4415093	S 51
4312.5517578125	1.0000000000	4416053	S 54
4313.3642578125	1.0000000000	4416885	S 61
4319.0117187500	1.0000000000	4422668	S 52
4320.1123046875	1.0000000000	4423795	S 54
4320.9453125000	1.0000000000	4424648	S 60
4327.0927734375	1.0000000000	4430943	S 51
4328.2021484375	1.0000000000	4432079	S 54
4329.0273437500	1.0000000000	4432924	S 61
4336.3271484375	1.0000000000	4440399	S 52
4337.4189453125	1.0000000000	4441517	S 54
4338.2451171875	1.0000000000	4442363	S 61
4344.3388671875	1.0000000000	4448603	S 52
4345.2431640625	1.0000000000	4449529	S 55
4346.0761718750	1.0000000000	4450382	S 61
4352.4208984375	1.0000000000	4456879	S 51
4353.5683593750	1.0000000000	4458054	S 55
4354.3925781250	1.0000000000	4458898	S 60
4360.4580078125	1.0000000000	4465109	S 52
4361.6494140625	1.0000000000	4466329	S 54
4362.4746093750	1.0000000000	4467174	S 61
4368.5292968750	1.0000000000	4473374	S 52
4369.3681640625	1.0000000000	4474233	S 55
4370.1894531250	1.0000000000	4475074	S 61
4376.9277343750	1.0000000000	4481974	S 51
4378.3779296875	1.0000000000	4483459	S 55
4379.2060546875	1.0000000000	4484307	S 60
4385.8964843750	1.0000000000	4491158	S 51
4387.0390625000	1.0000000000	4492328	S 54
4387.8730468750	1.0000000000	4493182	S 61
4394.4599609375	1.0000000000	4499927	S 52
4397.1748046875	1.0000000000	4502707	S 54
4398.0087890625	1.0000000000	4503561	S 61
4405.0751953125	1.0000000000	4510797	S 51
4406.0488281250	1.0000000000	4511794	S 55
4406.8759765625	1.0000000000	4512641	S 61
4413.2753906250	1.0000000000	4519194	S 52
4414.5683593750	1.0000000000	4520518	S 55
4415.3925781250	1.0000000000	4521362	S 61
4421.7119140625	1.0000000000	4527833	S 52
4422.6113281250	1.0000000000	4528754	S 55
4423.4414062500	1.0000000000	4529604	S 60
4429.1757812500	1.0000000000	4535476	S 51
4430.1220703125	1.0000000000	4536445	S 55
4430.9550781250	1.0000000000	4537298	S 61
4438.0292968750	1.0000000000	4544542	S 51
4438.8740234375	1.0000000000	4545407	S 55
4439.7060546875	1.0000000000	4546259	S 61
4446.3105468750	1.0000000000	4553022	S 52
4447.2685546875	1.0000000000	4554003	S 56
4448.1054687500	1.0000000000	4554860	S 61
4454.4218750000	1.0000000000	4561328	S 52
4455.2646484375	1.0000000000	4562191	S 56
4456.0869140625	1.0000000000	4563033	S 61
4462.7724609375	1.0000000000	4569879	S 51
4463.8525390625	1.0000000000	4570985	S 56
4464.6865234375	1.0000000000	4571839	S 61
4471.1162109375	1.0000000000	4578423	S 51
4471.9619140625	1.0000000000	4579289	S 55
4472.7851562500	1.0000000000	4580132	S 61
4478.6933593750	1.0000000000	4586182	S 52
4479.7617187500	1.0000000000	4587276	S 55
4480.5839843750	1.0000000000	4588118	S 61
4487.6386718750	1.0000000000	4595342	S 51
4488.5654296875	1.0000000000	4596291	S 56
4489.4003906250	1.0000000000	4597146	S 61
4495.4218750000	1.0000000000	4603312	S 52
4496.4492187500	1.0000000000	4604364	S 56
4497.2822265625	1.0000000000	4605217	S 61
4503.2021484375	1.0000000000	4611279	S 52
4504.0097656250	1.0000000000	4612106	S 56
4504.8466796875	1.0000000000	4612963	S 61
4511.2597656250	1.0000000000	4619530	S 52
4512.2031250000	1.0000000000	4620496	S 56
4513.0292968750	1.0000000000	4621342	S 61
4519.2207031250	1.0000000000	4627682	S 52
4520.3613281250	1.0000000000	4628850	S 55
4521.1953125000	1.0000000000	4629704	S 61
4527.4619140625	1.0000000000	4636121	S 52
4528.3994140625	1.0000000000	4637081	S 55
4529.2265625000	1.0000000000	4637928	S 61
4535.5361328125	1.0000000000	4644389	S 56
4536.5400390625	1.0000000000	4645417	S 52
4537.8134765625	1.0000000000	4646721	S 56
4538.6445312500	1.0000000000	4647572	S 60
4545.3437500000	1.0000000000	4654432	S 52
4546.5087890625	1.0000000000	4655625	S 55
4547.3447265625	1.0000000000	4656481	S 60
4553.0537109375	1.0000000000	4662327	S 52
4553.9599609375	1.0000000000	4663255	S 54
4554.7929687500	1.0000000000	4664108	S 61
4560.3232421875	1.0000000000	4669771	S 52
4561.2314453125	1.0000000000	4670701	S 54
4562.0566406250	1.0000000000	4671546	S 61
4568.1533203125	1.0000000000	4677789	S 52
4569.5292968750	1.0000000000	4679198	S 55
4570.3554687500	1.0000000000	4680044	S 60
4577.1210937500	1.0000000000	4686972	S 52
4579.3779296875	1.0000000000	4689283	S 54
4580.2080078125	1.0000000000	4690133	S 60
4586.6591796875	1.0000000000	4696739	S 51
4587.7001953125	1.0000000000	4697805	S 54
4588.5234375000	1.0000000000	4698648	S 60
4594.9707031250	1.0000000000	4705250	S 52
4595.8798828125	1.0000000000	4706181	S 55
4596.7060546875	1.0000000000	4707027	S 60
4602.7607421875	1.0000000000	4713227	S 51
4603.5996093750	1.0000000000	4714086	S 54
4604.4208984375	1.0000000000	4714927	S 61
4610.0761718750	1.0000000000	4720718	S 51
4612.1025390625	1.0000000000	4722793	S 54
4612.9375000000	1.0000000000	4723648	S 61
4618.4619140625	1.0000000000	4729305	S 51
4619.3974609375	1.0000000000	4730263	S 54
4620.2343750000	1.0000000000	4731120	S 61
4626.1640625000	1.0000000000	4737192	S 51
4627.3291015625	1.0000000000	4738385	S 55
4628.1660156250	1.0000000000	4739242	S 61
4635.3906250000	1.0000000000	4746640	S 52
4636.4511718750	1.0000000000	4747726	S 55
4637.2841796875	1.0000000000	4748579	S 61
4643.8330078125	1.0000000000	4755285	S 51
4644.7617187500	1.0000000000	4756236	S 55
4645.5830078125	1.0000000000	4757077	S 61
4651.5126953125	1.0000000000	4763149	S 51
4652.3203125000	1.0000000000	4763976	S 56
4653.1474609375	1.0000000000	4764823	S 61
4659.7255859375	1.0000000000	4771559	S 52
4660.6171875000	1.0000000000	4772472	S 56
4661.4462890625	1.0000000000	4773321	S 61
4667.2011718750	1.0000000000	4779214	S 52
4668.2490234375	1.0000000000	4780287	S 56
4669.0781250000	1.0000000000	4781136	S 61
4675.6181640625	1.0000000000	4787833	S 51
4676.4951171875	1.0000000000	4788731	S 56
4677.3271484375	1.0000000000	4789583	S 61
4684.4091796875	1.0000000000	4796835	S 52
4687.5439453125	1.0000000000	4800045	S 56
4688.3652343750	1.0000000000	4800886	S 61
4694.5937500000	1.0000000000	4807264	S 51
4695.9208984375	1.0000000000	4808623	S 56
4696.7470703125	1.0000000000	4809469	S 60
4703.2382812500	1.0000000000	4816116	S 52
4704.1572265625	1.0000000000	4817057	S 55
4704.9794921875	1.0000000000	4817899	S 60
4711.3271484375	1.0000000000	4824399	S 52
4712.9082031250	1.0000000000	4826018	S 55
4713.7304687500	1.0000000000	4826860	S 61
4719.6484375000	1.0000000000	4832920	S 52
4720.6044921875	1.0000000000	4833899	S 55
4721.4277343750	1.0000000000	4834742	S 60
4727.7548828125	1.0000000000	4841221	S 52
4728.6074218750	1.0000000000	4842094	S 55
4729.4433593750	1.0000000000	4842950	S 61
4735.1601562500	1.0000000000	4848804	S 52
4736.0976562500	1.0000000000	4849764	S 55
4736.9248046875	1.0000000000	4850611	S 61
4746.0703125000	1.0000000000	4859976	S 51
4746.8251953125	1.0000000000	4860749	S 55
4747.6621093750	1.0000000000	4861606	S 60
4753.8359375000	1.0000000000	4867928	S 51
4754.6806640625	1.0000000000	4868793	S 55
4755.5097656250	1.0000000000	4869642	S 61
4761.7646484375	1.0000000000	4876047	S 52
4762.6103515625	1.0000000000	4876913	S 55
4763.4414062500	1.0000000000	4877764	S 61
4769.8212890625	1.0000000000	4884297	S 51
4770.8027343750	1.0000000000	4885302	S 56
4771.6240234375	1.0000000000	4886143	S 60
4777.8701171875	1.0000000000	4892539	S 51
4778.6982421875	1.0000000000	4893387	S 55
4779.5224609375	1.0000000000	4894231	S 60
4786.1162109375	1.0000000000	4900983	S 52
4787.0732421875	1.0000000000	4901963	S 55
4787.9052734375	1.0000000000	4902815	S 61
4793.8750000000	1.0000000000	4908928	S 52
4794.9287109375	1.0000000000	4910007	S 55
4795.7539062500	1.0000000000	4910852	S 61
4801.5957031250	1.0000000000	4916834	S 51
4802.4531250000	1.0000000000	4917712	S 55
4803.2851562500	1.0000000000	4918564	S 60
4809.4941406250	1.0000000000	4924922	S 51
4810.3398437500	1.0000000000	4925788	S 55
4811.1669921875	1.0000000000	4926635	S 61
4816.9335937500	1.0000000000	4932540	S 52
4817.7470703125	1.0000000000	4933373	S 55
4818.5810546875	1.0000000000	4934227	S 61
4824.2158203125	1.0000000000	4939997	S 51
4825.0234375000	1.0000000000	4940824	S 56
4825.8447265625	1.0000000000	4941665	S 61
4831.6884765625	1.0000000000	4947649	S 51
4833.1396484375	1.0000000000	4949135	S 56
4833.9765625000	1.0000000000	4949992	S 61
4841.0888671875	1.0000000000	4957275	S 52
4842.2480468750	1.0000000000	4958462	S 56
4843.0771484375	1.0000000000	4959311	S 61
4849.7041015625	1.0000000000	4966097	S 52
4851.2822265625	1.0000000000	4967713	S 56
4852.1113281250	1.0000000000	4968562	S 61
4858.3193359375	1.0000000000	4974919	S 52
4859.1611328125	1.0000000000	4975781	S 56
4859.9931640625	1.0000000000	4976633	S 60
4866.3818359375	1.0000000000	4983175	S 51
4867.3134765625	1.0000000000	4984129	S 55
4868.1425781250	1.0000000000	4984978	S 61
4874.3828125000	1.0000000000	4991368	S 52
4875.2744140625	1.0000000000	4992281	S 55
4876.1074218750	1.0000000000	4993134	S 61
4881.9589843750	1.0000000000	4999126	S 52
4882.7919921875	1.0000000000	4999979	S 56
4883.6220703125	1.0000000000	5000829	S 61
4889.7255859375	1.0000000000	5007079	S 52
4890.7587890625	1.0000000000	5008137	S 56
4891.5869140625	1.0000000000	5008985	S 61
4894.6943359375	1.0000000000	5012167	S150
4896.1191406250	1.0000000000	5013626	S151
4899.8447265625	1.0000000000	5017441	S 51
4901.5039062500	1.0000000000	5019140	S 55
4902.3339843750	1.0000000000	5019990	S 61
4910.2714843750	1.0000000000	5028118	S 52
4911.1728515625	1.0000000000	5029041	S 56
4912.0029296875	1.0000000000	5029891	S 60
4919.2539062500	1.0000000000	5037316	S 52
4920.3378906250	1.0000000000	5038426	S 55
4921.1699218750	1.0000000000	5039278	S 60
4927.6484375000	1.0000000000	5045912	S 51
4928.5791015625	1.0000000000	5046865	S 54
4929.4023437500	1.0000000000	5047708	S 61
4936.1601562500	1.0000000000	5054628	S 51
4938.0136718750	1.0000000000	5056526	S 55
4938.8378906250	1.0000000000	5057370	S 60
4946.0302734375	1.0000000000	5064735	S 51
4946.9101562500	1.0000000000	5065636	S 54
4947.7382812500	1.0000000000	5066484	S 61
4954.3076171875	1.0000000000	5073211	S 52
4957.2226562500	1.0000000000	5076196	S 54
4958.0576171875	1.0000000000	5077051	S 60
4964.7304687500	1.0000000000	5083884	S 51
4965.5693359375	1.0000000000	5084743	S 54
4966.3730468750	1.0000000000	5085566	S 61
4972.4189453125	1.0000000000	5091757	S 51
4973.4140625000	1.0000000000	5092776	S 54
4974.2382812500	1.0000000000	5093620	S 61
4981.2197265625	1.0000000000	5100769	S 52
4983.4130859375	1.0000000000	5103015	S 55
4984.2412109375	1.0000000000	5103863	S 61
4991.0537109375	1.0000000000	5110839	S 51
4991.9257812500	1.0000000000	5111732	S 55
4992.7578125000	1.0000000000	5112584	S 61
4998.9882812500	1.0000000000	5118964	S 52
5000.1689453125	1.0000000000	5120173	S 55
5000.9902343750	1.0000000000	5121014	S 60
5005.2294921875	1.0000000000	5125355	S 52
5006.1738281250	1.0000000000	5126322	S 55
5007.0009765625	1.0000000000	5127169	S 61
5010.1083984375	1.0000000000	5130351	S101
